cettirelink,matchlink,domain,category
https://www.cettire.com/au/products/bally-buck-double-wrapped-bracelet-916930951,https://www.farfetch.com/au/shopping/men/bally-logo-buckle-belt-item-27024063.aspx,www.farfetch.com,Accessories
https://www.cettire.com/au/products/bally-chunky-chain-bracelet-924701188,https://www.farfetch.com/au/shopping/women/bally-gold-tone-brass-bracelet-item-26896114.aspx,www.farfetch.com,Accessories
https://www.cettire.com/au/products/bally-logo-detailed-keychain-945857677,https://www.farfetch.com/au/shopping/men/bally-logo-print-leather-keyring-item-25785584.aspx,www.farfetch.com,Accessories
https://www.cettire.com/au/products/bally-bar-ellipse-logo-printed-crossbody-bag-933732273,NA,NA,Bags
https://www.cettire.com/au/products/bally-bar-mini-keep-on-tote-bag-933748110,https://www.farfetch.com/au/shopping/women/bally-bar-logo-print-tote-bag-item-23816521.aspx,www.farfetch.com,Bags
https://www.cettire.com/au/products/bally-bar-mini-keep-on-tote-bag-937750827,https://www.farfetch.com/au/shopping/women/bally-bar-logo-print-tote-bag-item-23816521.aspx,www.farfetch.com,Bags
https://www.cettire.com/au/products/bally-beckett-logo-printed-studded-shoulder-bag-953198891,https://www.bally.eu/en/products/beckett-minibag-in-black-leather-with-a-bally-pin-6311414/,www.bally.eu,Bags
https://www.cettire.com/au/products/bally-beckett-logo-stamp-crossbody-bag-956231678,https://www.bally.com.au/en/products/beckett-crossbody-bag-in-black-brushed-leather-6309900/,www.bally.com.au,Bags
https://www.cettire.com/au/products/bally-certhe-logo-printed-zipped-clutch-bag-917676304,https://www.farfetch.com/au/shopping/women/bally-certhe-logo-print-clutch-item-18724705.aspx,www.farfetch.com,Bags
https://www.cettire.com/au/products/bally-chain-linked-drawstring-bucket-bag-916922820,https://www.farfetch.com/au/shopping/women/bally-eoh-bucket-bag-item-26892304.aspx,www.farfetch.com,Bags
https://www.cettire.com/au/products/bally-chain-linked-drawstring-bucket-bag-916922822,https://www.farfetch.com/au/shopping/women/bally-eoh-bucket-bag-item-26892304.aspx,www.farfetch.com,Bags
https://www.cettire.com/au/products/bally-code-logo-printed-striped-briefcase-956938152,https://www.bally.com.au/en/products/code-briefcase-in-black-leather-6311802/,www.bally.com.au,Bags
https://www.cettire.com/au/products/bally-code-zipped-crossbody-bag-956937806,https://www.bally.com.au/en/products/code-crossbody-bag-in-black-leather-6311759/,www.bally.com.au,Bags
https://www.cettire.com/au/products/bally-crystalia-logo-printed-tote-bag-920875127,https://www.davidjones.com/product/bally-akelei-tote-north-south-tote-bag-26662161,www.davidjones.com,Bags
https://www.cettire.com/au/products/bally-crystalia-tote-bag-916930981,https://www.farfetch.com/au/shopping/women/bally-logo-print-tote-bag-item-26891721.aspx,www.farfetch.com,Bags
https://www.cettire.com/au/products/bally-deco-top-handle-bag-956232038,NA,NA,Bags
https://www.cettire.com/au/products/bally-deco-top-handle-bag-956232053,https://www.farfetch.com/in/shopping/women/bally-deco-leather-tote-bag-item-32029960.aspx,www.farfetch.com,Bags
https://www.cettire.com/au/products/bally-easy-top-handle-tote-bag-956024485,https://www.bally.com.au/en/products/easy-bally-tote-bag-in-black-leather-6312704/,www.bally.com.au,Bags
https://www.cettire.com/au/products/bally-emblem-quilted-small-clutch-bag-920764270,https://www.farfetch.com/au/shopping/women/bally-emblem-shoulder-bag-item-26894240.aspx,www.farfetch.com,Bags
https://www.cettire.com/au/products/bally-logo-canvas-tote-bag-947469335,https://www.bally.com/products/akelei-tote-bag-in-canvas-6307808,www.bally.com,Bags
https://www.cettire.com/au/products/bally-logo-embossed-top-handle-bag-949021474,https://ballyofswitzerland.tw/products/code-%E6%8B%89%E9%8D%8A%E6%89%98%E7%89%B9%E5%8C%85,ballyofswitzerland.tw,Bags
https://www.cettire.com/au/products/bally-logo-engraved-foldover-top-tote-bag-939837199,https://www.bally.com.au/en/products/lock-me-top-handle-bag-in-black-grained-leather-6308514/,www.bally.com.au,Bags
https://www.cettire.com/au/products/bally-logo-monogram-zipped-clutch-bag-914033072,https://www.farfetch.com/au/shopping/men/bally-monogram-print-clutch-bag-item-26892433.aspx,www.farfetch.com,Bags
https://www.cettire.com/au/products/bally-logo-patch-messenger-bag-919472493,https://www.farfetch.com/au/shopping/men/bally-logo-messenger-bag-item-17790553.aspx,www.farfetch.com,Bags
https://www.cettire.com/au/products/bally-logo-plaque-foldover-top-crossbody-bag-916930915,https://www.farfetch.com/au/shopping/women/bally-monogram-print-shoulder-bag-item-26893043.aspx,www.farfetch.com,Bags
https://www.cettire.com/au/products/bally-logo-plaque-foldover-top-shoulder-bag-916930707,https://www.farfetch.com/au/shopping/women/bally-beylor-clutch-bag-item-26895614.aspx,www.farfetch.com,Bags
https://www.cettire.com/au/products/bally-logo-plaque-handbag-916930921,https://www.bally.ae/products/bernine-wah033-vt034-901o,www.bally.ae,Bags
https://www.cettire.com/au/products/bally-logo-plaque-shoulder-bag-916930689,https://www.farfetch.com/au/shopping/women/bally-baily-cross-body-bag-item-26892512.aspx,www.farfetch.com,Bags
https://www.cettire.com/au/products/bally-logo-plaque-shoulder-bag-930741586,https://www.farfetch.com/au/shopping/women/bally-emblem-leather-shoulder-bag-item-20622468.aspx,www.farfetch.com,Bags
https://www.cettire.com/au/products/bally-logo-plaque-shoulder-strap-crossbody-bag-931160564,https://www.bally.ae/products/logo-crossbody-was01tvt569u901o,www.bally.ae,Bags
https://www.cettire.com/au/products/bally-logo-plaque-zipped-backpack-916930923,https://www.farfetch.com/au/shopping/women/bally-monogram-backpack-item-26892496.aspx,www.farfetch.com,Bags
https://www.cettire.com/au/products/bally-logo-plaque-zipped-shoulder-bag-916930939,https://www.farfetch.com/au/shopping/women/bally-bleyr-shoulder-bag-item-26893002.aspx,www.farfetch.com,Bags
https://www.cettire.com/au/products/bally-logo-printed-backpack-944100148,https://www.farfetch.com/au/shopping/men/bally-treck-backpack-item-27698433.aspx,www.farfetch.com,Bags
https://www.cettire.com/au/products/bally-logo-printed-code-explorer-backpack-947706298,https://www.farfetch.com/sa/shopping/men/bally-logo-patch-backpack-item-28700615.aspx,www.farfetch.com,Bags
https://www.cettire.com/au/products/bally-logo-printed-crossbody-bag-928005562,https://www.farfetch.com/au/shopping/women/bally-bar-daniel-logo-print-crossbody-bag-item-20929445.aspx,www.farfetch.com,Bags
https://www.cettire.com/au/products/bally-logo-printed-large-tote-bag-937612291,https://www.farfetch.com/au/shopping/men/bally-arkle-tote-bag-item-23720981.aspx,www.farfetch.com,Bags
https://www.cettire.com/au/products/bally-logo-printed-pin-detailed-shoulder-bag-949372762,https://www.farfetch.com/au/shopping/women/bally-beckett-cross-body-bag-item-29477029.aspx,www.farfetch.com,Bags
https://www.cettire.com/au/products/bally-logo-printed-pin-detailed-shoulder-bag-949407834,https://www.farfetch.com/au/shopping/women/bally-beckett-shoulder-bag-item-30192718.aspx,www.farfetch.com,Bags
https://www.cettire.com/au/products/bally-logo-printed-shoulder-bag-949709735,https://www.farfetch.com/eg/shopping/men/bally-leather-shoulder-bag-item-29521263.aspx,www.farfetch.com,Bags
https://www.cettire.com/au/products/bally-logo-printed-shoulder-bag-950332808,https://www.bally.com.au/en/products/signature-crossbody-bag-in-black-leather-with-a-bally-ribbon-6311416/,www.bally.com.au,Bags
https://www.cettire.com/au/products/bally-logo-printed-studded-shoulder-bag-945864360,NA,NA,Bags
https://www.cettire.com/au/products/bally-logo-printed-top-handle-bag-939176623,https://www.bally.eu/en/products/akelei-tote-bag-in-canvas-6307808/,www.bally.eu,Bags
https://www.cettire.com/au/products/bally-logo-printed-top-handle-bag-944187138,https://www.bally.com.au/en/products/beckett-minibag-in-black-brushed-leather-6309778/,www.bally.com.au,Bags
https://www.cettire.com/au/products/bally-logo-printed-tote-bag-917734113,https://www.farfetch.com/bh/shopping/men/bally-logo-print-tote-bag-item-26892343.aspx,www.farfetch.com,Bags
https://www.cettire.com/au/products/bally-logo-printed-tote-bag-926838040,https://www.davidjones.com/product/bally-bar-keep-on-ew-tote-26238197,www.davidjones.com,Bags
https://www.cettire.com/au/products/bally-logo-printed-tote-bag-927812266,https://www.davidjones.com/product/bally-bar-keep-on-ns-tote-26238196,www.davidjones.com,Bags
https://www.cettire.com/au/products/bally-logo-printed-tote-bag-927838056,https://www.bally.ae/products/bar-keep-on-xs-wam02gcv034i182o,www.bally.ae,Bags
https://www.cettire.com/au/products/bally-logo-printed-tote-bag-928125603,https://www.farfetch.com/au/shopping/women/bally-bar-logo-print-tote-bag-item-22323320.aspx,www.farfetch.com,Bags
https://www.cettire.com/au/products/bally-logo-printed-tote-bags-915773391,https://www.farfetch.com/au/shopping/women/bally-crystalia-logo-print-tote-bag-item-18725777.aspx,www.farfetch.com,Bags
https://www.cettire.com/au/products/bally-logo-printed-zip-up-shoulder-bag-916930935,https://www.farfetch.com/au/shopping/men/bally-leather-clutch-bag-item-27023771.aspx,www.farfetch.com,Bags
https://www.cettire.com/au/products/bally-logo-printed-zipped-crossbody-bag-916893657,NA,NA,Bags
https://www.cettire.com/au/products/bally-logo-printed-zipped-shoulder-bag-916930955,NA,NA,Bags
https://www.cettire.com/au/products/bally-logo-stamped-buckle-detailed-shoulder-bag-939561015,https://www.bally.eu/en/products/beckett-crossbody-bag-in-black-leather-6309672/,www.bally.eu,Bags
https://www.cettire.com/au/products/bally-logo-stipe-detailed-clutch-912078247,https://www.farfetch.com/au/shopping/men/bally-hartland-clutch-item-14171548.aspx,www.farfetch.com,Bags
https://www.cettire.com/au/products/bally-logo-stripe-detailed-business-bag-912022621,https://www.farfetch.com/au/shopping/men/bally-henri-slim-briefcase-item-14922350.aspx,www.farfetch.com,Bags
https://www.cettire.com/au/products/bally-mavrick-logo-tag-backpack-946019899,https://www.bally.com.au/en/products/code-backpack-in-black-nylon-6308463/,www.bally.com.au,Bags
https://www.cettire.com/au/products/bally-monogram-printed-zipped-backpack-916930927,https://www.farfetch.com/au/shopping/women/bally-monogram-backpack-item-26893025.aspx,www.farfetch.com,Bags
https://www.cettire.com/au/products/bally-mythos-logo-lettering-striped-messenger-bag-944331547,https://www.farfetch.com/au/shopping/men/bally-mythos-cross-crossbody-bag-item-26908180.aspx,www.farfetch.com,Bags
https://www.cettire.com/au/products/bally-ray-studded-shoulder-bag-949407811,https://www.farfetch.com/au/shopping/women/bally-ray-shoulder-bag-item-29075489.aspx,www.farfetch.com,Bags
https://www.cettire.com/au/products/bally-stripe-detailed-zipped-laptop-bag-941671677,https://www.farfetch.com/au/shopping/men/bally-stripe-detail-laptop-bag-item-23867198.aspx,www.farfetch.com,Bags
https://www.cettire.com/au/products/bally-top-handle-tote-bag-945864446,https://www.bally.com.au/en/products/unda-top-handle-bag-in-red-grained-leather-6310379/,www.bally.com.au,Bags
https://www.cettire.com/au/products/bally-top-handle-tote-bag-948087198,https://www.bally.com.au/en/products/unda-top-handle-bag-in-ebano-grained-leather-6310484/,www.bally.com.au,Bags
https://www.cettire.com/au/products/bally-treck-backpack-931786562,https://www.davidjones.com/product/bally-treck-backpack-26137756,www.davidjones.com,Bags
https://www.cettire.com/au/products/bally-zip-up-handbag-916930709,https://www.farfetch.com/au/shopping/women/bally-logo-embossed-clutch-bag-item-26892432.aspx,www.farfetch.com,Bags
https://www.cettire.com/au/products/bally-astory-buckle-fastened-belt-947752669,https://www.bally.com.au/en/products/astory-35mm-reversible-and-adjustable-belt-in-navy-blue-and-black-leather-6308115/,www.bally.com.au,Belts
https://www.cettire.com/au/products/bally-b-bold-logo-bukled-reversible-belt-939774897,https://www.bally.com.au/en/products/reversible-and-adjustable-belt-in-black-leather-6219934/,www.bally.com.au,Belts
https://www.cettire.com/au/products/bally-b-buckle-reversible-belt-946238237,https://www.bally.com.au/en/products/b-logo-35mm-reversible-and-adjustable-belt-in-black-and-ebano-leather-6310507/,www.bally.com.au,Belts
https://www.cettire.com/au/products/bally-button-up-belted-coat-940500097,https://www.bally.com.au/en/products/trench-coat-in-navy-blue-mix-cotton-6308216/,www.bally.com.au,Belts
https://www.cettire.com/au/products/bally-classic-buckle-belt-946605952,https://www.bally.com.au/en/products/dress-belt-in-midnight-and-black-leather-6304878/,www.bally.com.au,Belts
https://www.cettire.com/au/products/bally-logo-buckle-stripe-detailed-belt-942339076,https://www.bally.com.au/en/products/b-logo-35mm-reversible-belt-in-navy-blue-and-light-blue-fabric-and-leather-6310619/,www.bally.com.au,Belts
https://www.cettire.com/au/products/bally-logo-buckle-stripe-detailed-belt-945856892,https://www.bally.com.au/en/products/reversible-and-adjustable-belt-in-black-leather-6219934/,www.bally.com.au,Belts
https://www.cettire.com/au/products/bally-logo-engraved-reversible-belt-941423767,https://www.bally.com.au/en/products/astory-35mm-reversible-and-adjustable-belt-in-black-leather-6308777/,www.bally.com.au,Belts
https://www.cettire.com/au/products/bally-logo-plaque-buckle-belt-949021415,https://www.bally.com.au/en/products/b-logo-35mm-reversible-belt-in-navy-blue-and-light-blue-fabric-and-leather-6310619/,www.bally.com.au,Belts
https://www.cettire.com/au/products/bally-shiffie-logo-engraved-belt-942339074,https://www.bally.com.au/en/products/shiffie-35mm-reversible-and-adjustable-belt-in-black-and-navy-blue-leather-6308166/,www.bally.com.au,Belts
https://www.cettire.com/au/products/bally-shiffie-logo-engraved-belt-947753373,https://www.bally.com.au/en/products/shiffie-35mm-reversible-and-adjustable-belt-in-navy-blue-and-black-leather-6308117/,www.bally.com.au,Belts
https://www.cettire.com/au/products/bally-shiffie-punched-holes-reversible-belt-949038978,https://www.bally.com.au/en/products/dress-belt-in-black-leather-6304555/,www.bally.com.au,Belts
https://www.cettire.com/au/products/bally-signature-buckle-belt-946605929,https://www.bally.com.au/en/products/b-logo-35mm-reversible-and-adjustable-belt-in-navy-blue-and-black-leather-6310604/,www.bally.com.au,Belts
https://www.cettire.com/au/products/bally-stripe-detailed-buckle-belt-936508919,https://www.bally.com.au/en/products/shiffie-35mm-reversible-belt-in-red-white-and-black-fabric-and-leather-6306660/,www.bally.com.au,Belts
https://www.cettire.com/au/products/bally-stripe-detailed-buckle-belt-936849793,https://www.bally.com.au/en/products/shiffie-35mm-reversible-belt-in-red-white-and-black-fabric-and-leather-6306660/,www.bally.com.au,Belts
https://www.cettire.com/au/products/bally-striped-belt-953783934,https://www.bally.com.au/en/products/shiffie-35mm-reversible-belt-in-red-white-and-black-fabric-and-leather-6306660/,www.bally.com.au,Belts
https://www.cettire.com/au/products/bally-buttoned-long-sleeved-shirt-920764292,https://www.farfetch.com/bh/shopping/women/bally-silk-shirt-item-26894733.aspx,www.farfetch.com,Clothes
https://www.cettire.com/au/products/bally-checked-short-sleeved-jumper-945512313,https://www.farfetch.com/au/shopping/women/bally-checked-knit-top-item-25542461.aspx,www.farfetch.com,Clothes
https://www.cettire.com/au/products/bally-collared-button-up-trench-coat-927959341,NA,NA,Clothes
https://www.cettire.com/au/products/bally-collared-sleeved-shirt-932606814,https://www.farfetch.com/au/shopping/women/bally-cotton-shirt-item-26868902.aspx,www.farfetch.com,Clothes
https://www.cettire.com/au/products/bally-contrast-piping-pants-925653822,https://www.farfetch.com/au/shopping/women/bally-silk-palazzo-trousers-item-26895387.aspx,www.farfetch.com,Clothes
https://www.cettire.com/au/products/bally-contrast-seam-buttoned-shirt-925767503,https://www.farfetch.com/au/shopping/women/bally-silk-shirt-item-26894733.aspx,www.farfetch.com,Clothes
https://www.cettire.com/au/products/bally-denim-tailored-jacket-949785917,https://www.farfetch.com/au/shopping/women/bally-denim-jacket-item-28629372.aspx,www.farfetch.com,Clothes
https://www.cettire.com/au/products/bally-eloise-logo-plaque-slip-on-slides-914037310,https://www.bally.ae/products/eloise-flat-101-wf1028v,www.bally.ae,Clothes
https://www.cettire.com/au/products/bally-flared-trousers-945512255,https://www.bally.com.au/en/products/flared-pants-in-black-wool-6309846/,www.bally.com.au,Clothes
https://www.cettire.com/au/products/bally-graphic-printed-button-up-shirt-937412788,https://www.bally.com.au/en/products/shirt-in-multicolor-silk-6306522/,www.bally.com.au,Clothes
https://www.cettire.com/au/products/bally-graphic-printed-buttoned-shirt-932229876,https://www.farfetch.com/au/shopping/women/bally-graphic-print-oversized-silk-shirt-item-24672675.aspx,www.farfetch.com,Clothes
https://www.cettire.com/au/products/bally-graphic-printed-crewneck-t-shirt-935083479,NA,NA,Clothes
https://www.cettire.com/au/products/bally-graphic-printed-hoodie-920292304,NA,NA,Clothes
https://www.cettire.com/au/products/bally-light-quilted-jacket-955146921,https://www.farfetch.com/au/shopping/men/bally-diamond-quilted-jacket-item-31501824.aspx,www.farfetch.com,Clothes
https://www.cettire.com/au/products/bally-logo-embroidered-baseball-cap-949021163,NA,NA,Clothes
https://www.cettire.com/au/products/bally-logo-embroidered-cable-knit-sweater-927811698,https://www.farfetch.com/au/shopping/men/bally-crest-t-shirt-item-31806694.aspx,www.farfetch.com,Clothes
https://www.cettire.com/au/products/bally-logo-embroidered-crewneck-t-shirt-934316332,https://www.farfetch.com/au/shopping/men/bally-logo-embroidered-organic-cotton-t-shirt-item-22323339.aspx,www.farfetch.com,Clothes
https://www.cettire.com/au/products/bally-logo-embroidered-crewneck-t-shirt-955146674,https://www.bally.com.au/en/products/t-shirt-in-military-green-cotton-with-a-bally-crest-6312834/,www.bally.com.au,Clothes
https://www.cettire.com/au/products/bally-logo-embroidered-crewneck-t-shirt-955146680,https://www.bally.com.au/en/products/t-shirt-in-ivory-cotton-with-a-bally-crest-6312100/,www.bally.com.au,Clothes
https://www.cettire.com/au/products/bally-logo-embroidered-crewneck-t-shirt-956751370,https://www.bally.com.au/en/products/t-shirt-in-navy-blue-cotton-with-a-bally-crest-6312833/,www.bally.com.au,Clothes
https://www.cettire.com/au/products/bally-logo-embroidered-knit-t-shirt-943098776,https://www.bally.com.au/en/products/t-shirt-with-a-bally-crest-logo-in-navy-blue-cotton-6308559/,www.bally.com.au,Clothes
https://www.cettire.com/au/products/bally-logo-embroidered-short-sleeved-polo-shirt-940500266,https://www.bally.com.au/en/products/polo-shirt-in-navy-blue-cotton-6311692/,www.bally.com.au,Clothes
https://www.cettire.com/au/products/bally-logo-embroidered-short-sleeved-polo-shirt-955502056,https://www.bally.com.au/en/products/short-sleeve-polo-in-red-cotton-6308278/,www.bally.com.au,Clothes
https://www.cettire.com/au/products/bally-logo-embroidered-short-sleeved-polo-shirt-955502107,https://www.bally.com.au/en/products/polo-shirt-in-navy-blue-cotton-6311692/,www.bally.com.au,Clothes
https://www.cettire.com/au/products/bally-logo-embroidered-straight-leg-jeans-939837209,https://www.bally.com.au/en/products/denim-pants-in-medium-blue-cotton-6308064/,www.bally.com.au,Clothes
https://www.cettire.com/au/products/bally-logo-embroidered-zipped-sweatshirt-935020139,https://www.farfetch.com/au/shopping/men/bally-logo-embroidered-zip-up-sweatshirt-item-22322682.aspx,www.farfetch.com,Clothes
https://www.cettire.com/au/products/bally-logo-jacquard-two-toned-cardigan-935538182,https://www.farfetch.com/nz/shopping/women/bally-monogram-jacquard-belted-cardigan-item-22322841.aspx,www.farfetch.com,Clothes
https://www.cettire.com/au/products/bally-logo-patch-buttoned-jumper-956231593,NA,NA,Clothes
https://www.cettire.com/au/products/bally-logo-patch-buttoned-jumper-956231606,https://www.farfetch.com/bh/shopping/women/bally-cable-knit-ribbed-collar-sweater-item-32040750.aspx,www.farfetch.com,Clothes
https://www.cettire.com/au/products/bally-logo-patch-eyelet-cap-949021309,https://www.farfetch.com/au/shopping/men/bally-logo-embroidered-baseball-cap-item-30623770.aspx,www.farfetch.com,Clothes
https://www.cettire.com/au/products/bally-logo-patch-open-toe-slides-949021296,https://www.farfetch.com/au/shopping/women/bally-sollie-slides-item-30623763.aspx,www.farfetch.com,Clothes
https://www.cettire.com/au/products/bally-logo-patch-polo-shirt-947972359,https://www.farfetch.com/bh/shopping/men/bally-crest-applique-polo-shirt-item-28701825.aspx,www.farfetch.com,Clothes
https://www.cettire.com/au/products/bally-logo-patch-straight-leg-jeans-939033566,https://www.bally.com.au/en/products/denim-pants-in-medium-blue-cotton-6308064/,www.bally.com.au,Clothes
https://www.cettire.com/au/products/bally-logo-patch-straight-leg-jeans-942864955,https://www.bally.com.au/en/products/5-pocket-pants-in-grey-cotton-6309036/,www.bally.com.au,Clothes
https://www.cettire.com/au/products/bally-logo-patch-striped-knitted-jacket-939033559,https://www.farfetch.com/au/shopping/men/bally-logo-engraved-buttons-cardigan-item-24389758.aspx,www.farfetch.com,Clothes
https://www.cettire.com/au/products/bally-logo-plaque-sleeveless-satin-dress-931634167,https://www.farfetch.com/au/shopping/women/bally-logo-plaque-asymmetric-midi-dress-item-20622782.aspx,www.farfetch.com,Clothes
https://www.cettire.com/au/products/bally-logo-plaque-straight-hem-mini-skirt-932308827,https://www.farfetch.com/bh/shopping/women/bally-logo-embellished-belted-miniskirt-item-22157372.aspx,www.farfetch.com,Clothes
https://www.cettire.com/au/products/bally-logo-printed-crewneck-t-shirt-932384516,https://www.farfetch.com/au/shopping/men/bally-metallic-logo-cotton-t-shirt-item-21369186.aspx,www.farfetch.com,Clothes
https://www.cettire.com/au/products/bally-logo-printed-crewneck-t-shirt-932663549,https://www.farfetch.com/au/shopping/men/bally-logo-print-cotton-t-shirt-item-22920665.aspx,www.farfetch.com,Clothes
https://www.cettire.com/au/products/bally-logo-printed-crewneck-t-shirt-933821373,https://www.farfetch.com/om/shopping/men/bally-logo-print-organic-cotton-t-shirt-item-22322697.aspx,www.farfetch.com,Clothes
https://www.cettire.com/au/products/bally-logo-printed-crewneck-t-shirt-933838952,NA,NA,Clothes
https://www.cettire.com/au/products/bally-logo-printed-crewneck-t-shirt-939775021,https://www.farfetch.com/au/shopping/men/bally-logo-print-organic-cotton-t-shirt-item-23762122.aspx,www.farfetch.com,Clothes
https://www.cettire.com/au/products/bally-logo-printed-crewneck-t-shirt-941082904,NA,NA,Clothes
https://www.cettire.com/au/products/bally-long-sleeved-buttoned-jacket-950030522,https://www.bally.com.au/en/products/safari-jacket-in-ebano-suede-6310663/,www.bally.com.au,Clothes
https://www.cettire.com/au/products/bally-long-sleeved-denim-shirt-931358091,https://www.bally.com.au/en/products/bleached-shirt-in-bone-denim-6305830/,www.bally.com.au,Clothes
https://www.cettire.com/au/products/bally-long-sleeved-logo-embroidered-hoodie-945210800,https://www.farfetch.com/au/shopping/men/bally-logo-embroidered-hoodie-item-23530280.aspx,www.farfetch.com,Clothes
https://www.cettire.com/au/products/bally-long-sleeved-striped-buttoned-shirt-939775033,NA,NA,Clothes
https://www.cettire.com/au/products/bally-long-sleeved-striped-shirt-920764345,https://www.farfetch.com/au/shopping/men/bally-stripes-print-silk-shirt-item-20355979.aspx,www.farfetch.com,Clothes
https://www.cettire.com/au/products/bally-loose-fit-buttoned-coat-931091494,https://www.bally.com.au/en/products/single-breasted-coat-in-camel-cashmere-wool-mix-6305001/,www.bally.com.au,Clothes
https://www.cettire.com/au/products/bally-mid-rise-straight-leg-jeans-939775027,NA,NA,Clothes
https://www.cettire.com/au/products/bally-motif-printed-hoodie-920534919,NA,NA,Clothes
https://www.cettire.com/au/products/bally-obrien-round-toe-flats-926762999,https://www.davidjones.com/product/bally-ellah-flat-loafer-24708085,www.davidjones.com,Clothes
https://www.cettire.com/au/products/bally-patterned-wide-leg-trousers-920764288,https://www.farfetch.com/au/shopping/women/bally-silk-palazzo-trousers-item-26895387.aspx,www.farfetch.com,Clothes
https://www.cettire.com/au/products/bally-pleated-detail-turn-up-hem-shorts-920764313,https://www.bally.com.au/en/products/shorts-in-navy-blue-cotton-6306811/,www.bally.com.au,Clothes
https://www.cettire.com/au/products/bally-pleated-front-shorts-925207036,https://www.bally.com.au/en/products/shorts-in-navy-blue-cotton-6306811/,www.bally.com.au,Clothes
https://www.cettire.com/au/products/bally-pocket-detail-button-up-jacket-956751870,https://www.bally.com.au/en/products/saharan-jacket-in-navy-blue-suede-6311721/,www.bally.com.au,Clothes
https://www.cettire.com/au/products/bally-poplin-buttoned-shirt-930707295,https://www.bally.eu/fr/products/long-sleeve-shirt-in-white-cotton-6309240/,www.bally.eu,Clothes
https://www.cettire.com/au/products/bally-roll-neck-long-sleeved-sweater-932161469,https://www.farfetch.com/au/shopping/women/bally-roll-neck-textured-wool-jumper-item-20621547.aspx,www.farfetch.com,Clothes
https://www.cettire.com/au/products/bally-side-stripe-detailed-trousers-934327283,https://www.farfetch.com/au/shopping/men/bally-side-stripe-track-pants-item-22322934.aspx,www.farfetch.com,Clothes
https://www.cettire.com/au/products/bally-single-breasted-long-sleeved-blazer-932904585,https://www.bally.com.au/en/products/adrien-brody-travel-collection-single-breasted-blazer-in-navy-blue-wool-6309568/,www.bally.com.au,Clothes
https://www.cettire.com/au/products/bally-straight-leg-creased-trousers-956751676,https://www.bally.com.au/en/products/pants-in-a-melange-grey-wool-blend-6309961/,www.bally.com.au,Clothes
https://www.cettire.com/au/products/bally-straight-leg-denim-jeans-948086411,https://www.bally.com.au/en/products/relaxed-fit-denim-pants-in-navy-blue-cotton-6311405/,www.bally.com.au,Clothes
https://www.cettire.com/au/products/bally-straight-leg-denim-jeans-949786235,https://www.bally.com.au/en/products/denim-pants-in-light-blue-cotton-6310378/,www.bally.com.au,Clothes
https://www.cettire.com/au/products/bally-straight-leg-pants-928611064,https://www.bally.com.au/en/products/corduroy-tailored-pants-in-camel-cotton-6305341/,www.bally.com.au,Clothes
https://www.cettire.com/au/products/bally-straight-leg-pleated-trousers-949635704,https://www.bally.com.au/en/products/adrien-brody-travel-collection-pleated-pants-in-navy-blue-wool-6309576/,www.bally.com.au,Clothes
https://www.cettire.com/au/products/bally-tapered-leg-pleated-chino-trousers-939775180,https://www.bally.com.au/en/products/pants-in-black-cotton-6308139/,www.bally.com.au,Clothes
https://www.cettire.com/au/products/bally-turtleneck-knit-sweater-930696625,NA,NA,Clothes
https://www.cettire.com/au/products/bally-turtleneck-knitted-jumper-955146924,NA,NA,Clothes
https://www.cettire.com/au/products/bally-v-neck-button-up-cardigan-955207501,https://www.farfetch.com/au/shopping/women/bally-cable-knit-patch-pocket-cardigan-item-31760236.aspx,www.farfetch.com,Clothes
https://www.cettire.com/au/products/bally-x-dj-leo-mas-printed-long-sleeved-hoodie-947972298,https://www.bally.eu/fr/products/dj-leo-mas-x-bally-hoodie-in-white-cotton-with-a-muzak-print-6310517/,www.bally.eu,Clothes
https://www.cettire.com/au/products/bally-balby-squared-toe-ballet-flats-933712056,https://www.farfetch.com/au/shopping/women/bally-balby-leather-ballerina-shoes-item-22620642.aspx,www.farfetch.com,Shoes
https://www.cettire.com/au/products/bally-ballyrina-buckle-strap-ballerina-shoes-949520951,https://www.bally.com.au/en/products/ballyrina-flat-in-black-pony-hair-with-studs-6312928/,www.bally.com.au,Shoes
https://www.cettire.com/au/products/bally-ballyrina-buckled-ballerina-shoes-954816075,https://www.bally.com.au/en/products/ballyrina-flat-in-black-leather-6308503/,www.bally.com.au,Shoes
https://www.cettire.com/au/products/bally-ballyrina-square-toe-ballet-flats-947751879,https://www.bally.com.au/en/products/ballyrina-flat-in-black-pony-hair-with-studs-6312928/,www.bally.com.au,Shoes
https://www.cettire.com/au/products/bally-block-heel-ballyrina-pumps-949021523,https://www.bally.com.au/en/products/ballyrina-pump-in-white-leather-6310872/,www.bally.com.au,Shoes
https://www.cettire.com/au/products/bally-buckle-detailed-slip-on-slippers-922866814,https://www.farfetch.com/au/shopping/women/bally-lulu-nickle-detail-mules-item-19827770.aspx,www.farfetch.com,Shoes
https://www.cettire.com/au/products/bally-buckled-ballet-flats-956232558,https://www.bally.com.au/en/products/ballyrina-flat-in-andorra-leather-6312021/,www.bally.com.au,Shoes
https://www.cettire.com/au/products/bally-buckled-flat-shoes-953943249,https://www.bally.com.au/en/products/bally-boucle-slipper-in-ivory-leather-6311740/,www.bally.com.au,Shoes
https://www.cettire.com/au/products/bally-buckled-flat-shoes-953943303,https://www.bally.com.au/en/products/bally-boucle-slipper-in-black-leather-6311741/,www.bally.com.au,Shoes
https://www.cettire.com/au/products/bally-cathye-round-toe-padded-boots-917633020,NA,NA,Shoes
https://www.cettire.com/au/products/bally-clayson-leather-ankle-boots-930498692,https://www.farfetch.com/au/shopping/women/bally-clayson-boots-item-20620860.aspx,www.farfetch.com,Shoes
https://www.cettire.com/au/products/bally-darnell-t-w-sneakers-949021282,https://www.farfetch.com/au/shopping/men/bally-darnell-t-sneakers-item-28809661.aspx,www.farfetch.com,Shoes
https://www.cettire.com/au/products/bally-dewy-logo-printed-sneakers-934533130,https://www.farfetch.com/au/shopping/men/bally-dewy-leather-sneakers-item-22664578.aspx,www.farfetch.com,Shoes
https://www.cettire.com/au/products/bally-drawstring-lace-up-shoes-939176603,https://www.bally.com/en/products/raise-sneaker-in-blue-leather-6306429/,www.bally.com,Shoes
https://www.cettire.com/au/products/bally-embellished-slip-on-flat-shoes-952283608,NA,NA,Shoes
https://www.cettire.com/au/products/bally-embossed-slip-on-sneakers-920764303,https://www.farfetch.com/au/shopping/men/bally-printed-slip-on-sneakers-item-26892165.aspx,www.farfetch.com,Shoes
https://www.cettire.com/au/products/bally-freyne-drawstring-sneakers-940505312,https://www.bally.com.au/en/products/faster-sneaker-in-black-leather-and-nylon-6309008/,www.bally.com.au,Shoes
https://www.cettire.com/au/products/bally-freyne-drawstring-sneakers-948900464,https://www.farfetch.com/au/shopping/men/bally-faster-sneakers-item-23840184.aspx,www.farfetch.com,Shoes
https://www.cettire.com/au/products/bally-gaverin-lace-up-ankle-boots-955231113,https://www.farfetch.com/au/shopping/men/bally-lace-up-leather-biker-boots-item-31502685.aspx,www.farfetch.com,Shoes
https://www.cettire.com/au/products/bally-gevon-round-roe-ankle-boots-941720895,https://www.farfetch.com/bh/shopping/men/bally-leather-chelsea-boots-item-24778217.aspx,www.farfetch.com,Shoes
https://www.cettire.com/au/products/bally-gylon-slip-on-slippers-925911102,https://www.farfetch.com/au/shopping/women/bally-gylon-logo-plaque-suede-slippers-item-20154404.aspx,www.farfetch.com,Shoes
https://www.cettire.com/au/products/bally-hedy-thigh-high-pointed-toe-boots-939639980,https://www.farfetch.com/au/shopping/women/bally-hedy-105mm-suede-boots-item-20225838.aspx,www.farfetch.com,Shoes
https://www.cettire.com/au/products/bally-hedy-thigh-high-pointed-toe-boots-939639984,https://www.farfetch.com/au/shopping/women/bally-hedy-105mm-thigh-high-leather-boots-item-22118782.aspx?storeid=11539,www.farfetch.com,Shoes
https://www.cettire.com/au/products/bally-kika-pointed-toe-knee-high-boots-928520193,https://www.farfetch.com/au/shopping/women/bally-kika-85mm-knee-high-boots-item-20622692.aspx,www.farfetch.com,Shoes
https://www.cettire.com/au/products/bally-lace-up-embossed-boots-928548257,https://www.farfetch.com/au/shopping/men/bally-clyff-crocodile-embossed-boots-item-20621440.aspx,www.farfetch.com,Shoes
https://www.cettire.com/au/products/bally-lace-up-flat-shoes-941528771,https://www.bally.com.au/en/products/plume-moccasin-in-dark-brown-leather-6308229/,www.bally.com.au,Shoes
https://www.cettire.com/au/products/bally-lace-up-low-top-sneakers-956578237,https://www.davidjones.com/Product/27682785,www.davidjones.com,Shoes
https://www.cettire.com/au/products/bally-lavyn-pointed-toe-boots-930649368,https://www.farfetch.com/au/shopping/women/bally-lavyn-95mm-leather-cowboy-boots-item-21509213.aspx,www.farfetch.com,Shoes
https://www.cettire.com/au/products/bally-logo-debossed-tennis-sneakers-945854964,https://www.davidjones.com/Product/27317576,www.davidjones.com,Shoes
https://www.cettire.com/au/products/bally-logo-detailed-sli-on-loafers-935672491,NA,NA,Shoes
https://www.cettire.com/au/products/bally-logo-motif-plaque-flat-shoes-931634178,NA,NA,Shoes
https://www.cettire.com/au/products/bally-logo-patch-low-top-sneakers-933239653,https://www.farfetch.com/au/shopping/men/bally-panelled-leather-sneakers-item-22496336.aspx,www.farfetch.com,Shoes
https://www.cettire.com/au/products/bally-logo-plaque-loafers-953404308,https://www.bally.com.au/en/products/westminster-loafer-in-black-leather-6308960/,www.bally.com.au,Shoes
https://www.cettire.com/au/products/bally-logo-plaque-slip-on-loafers-933802836,https://www.bally.com.au/en/products/pilot-driver-in-black-leather-6306567/,www.bally.com.au,Shoes
https://www.cettire.com/au/products/bally-logo-plaque-slip-on-loafers-941423412,NA,NA,Shoes
https://www.cettire.com/au/products/bally-logo-plaque-slip-on-loafers-955231096,https://www.farfetch.com/au/shopping/men/bally-pilot-driver-leather-loafers-item-31501833.aspx,www.farfetch.com,Shoes
https://www.cettire.com/au/products/bally-logo-printed-lace-up-sneakers-953834694,NA,NA,Shoes
https://www.cettire.com/au/products/bally-logo-printed-lace-up-sneakers-953943516,https://www.bally.com.au/en/products/retro-crest-sneaker-in-white-leather-6312111/,www.bally.com.au,Shoes
https://www.cettire.com/au/products/bally-logo-printed-slip-on-sandals-934014390,https://www.farfetch.com/au/shopping/men/bally-glide-leather-sandals-item-22952149.aspx,www.farfetch.com,Shoes
https://www.cettire.com/au/products/bally-logo-printed-striped-slip-on-loafers-942510786,https://www.bally.com.au/en/products/pilot-driver-in-black-grained-leather-6306749/,www.bally.com.au,Shoes
https://www.cettire.com/au/products/bally-logo-riweira-sneakers-926763411,https://www.bally.com.au/en/products/raise-sneaker-in-white-leather-6305205/,www.bally.com.au,Shoes
https://www.cettire.com/au/products/bally-low-top-sneakers-929011710,https://www.farfetch.com/ge/shopping/men/bally-low-top-leather-sneakers-item-21111671.aspx,www.farfetch.com,Shoes
https://www.cettire.com/au/products/bally-lux-ladyes-slip-on-loafers-912950272,https://www.bally.com.au/en/products/kerbs-drivers-in-midnight-leather-6304669/,www.bally.com.au,Shoes
https://www.cettire.com/au/products/bally-melys-lace-up-sneakers-916204348,NA,NA,Shoes
https://www.cettire.com/au/products/bally-mylton-lace-up-sneakers-939926423,https://www.farfetch.com/au/shopping/men/bally-mylton-leather-sneakers-item-23840216.aspx,www.farfetch.com,Shoes
https://www.cettire.com/au/products/bally-obrien-logo-plaque-loafers-927811597,https://www.farfetch.com/au/shopping/women/bally-obrien-embellished-leather-loafers-item-20754544.aspx,www.farfetch.com,Shoes
https://www.cettire.com/au/products/bally-odeya-pointed-toe-ankle-boots-931976871,https://www.farfetch.com/jo/shopping/women/bally-odeya-100mm-leather-boots-item-22075457.aspx,www.farfetch.com,Shoes
https://www.cettire.com/au/products/bally-outline-lace-up-sneakers-939283830,https://www.bally.com.au/en/products/outline-sneaker-in-blue-grained-leather-6306573/,www.bally.com.au,Shoes
https://www.cettire.com/au/products/bally-outline-low-top-sneakers-933239646,https://www.bally.com.au/en/products/outline-sneaker-in-black-leather-6312841/,www.bally.com.au,Shoes
https://www.cettire.com/au/products/bally-outline-low-top-sneakers-937810576,https://www.bally.com.au/en/products/outline-sneaker-in-black-leather-6306575/,www.bally.com.au,Shoes
https://www.cettire.com/au/products/bally-outline-low-top-sneakers-939926430,https://www.bally.com.au/en/products/outline-sneaker-in-white-leather-6312839/,www.bally.com.au,Shoes
https://www.cettire.com/au/products/bally-outline-low-top-sneakers-943698593,NA,NA,Shoes
https://www.cettire.com/au/products/bally-palven-slip-on-loafers-955231104,https://www.bally.com.au/en/products/pilot-driver-in-brown-suede-6311723/,www.bally.com.au,Shoes
https://www.cettire.com/au/products/bally-panelled-lace-up-sneakers-955231561,https://www.bally.com.au/en/products/raise-sneaker-in-grey-leather-6312005/,www.bally.com.au,Shoes
https://www.cettire.com/au/products/bally-party-pierced-lace-up-shoes-950558818,https://www.farfetch.com/au/shopping/women/bally-party-derby-shoes-item-29982648.aspx,www.farfetch.com,Shoes
https://www.cettire.com/au/products/bally-pathy-almond-toe-loafers-948086194,https://www.bally.com.au/en/products/plume-moccasin-in-black-leather-6308629/,www.bally.com.au,Shoes
https://www.cettire.com/au/products/bally-pathy-almond-toe-loafers-949039047,https://www.bally.com.au/en/products/plume-moccasin-in-dark-brown-leather-6308267/,www.bally.com.au,Shoes
https://www.cettire.com/au/products/bally-pathy-almond-toe-loafers-954901231,https://www.bally.com.au/en/products/plume-moccasin-in-andorra-leather-6308697/,www.bally.com.au,Shoes
https://www.cettire.com/au/products/bally-pathy-lace-up-derby-shoes-943828247,https://www.bally.com.au/en/products/plume-loafer-in-black-leather-6309735/,www.bally.com.au,Shoes
https://www.cettire.com/au/products/bally-pathy-lace-up-derby-shoes-950030494,https://www.bally.com.au/en/products/plume-moccasin-in-dark-brown-leather-6308267/,www.bally.com.au,Shoes
https://www.cettire.com/au/products/bally-pathy-lace-up-derby-shoes-954679333,https://www.bally.com.au/en/products/plume-moccasin-in-andorra-leather-6308697/,www.bally.com.au,Shoes
https://www.cettire.com/au/products/bally-pathy-lace-up-loafers-946238230,https://www.bally.com.au/en/products/plume-moccasin-in-chestnut-brown-suede-6306766/,www.bally.com.au,Shoes
https://www.cettire.com/au/products/bally-pathy-lace-up-loafers-949521502,https://www.bally.com.au/en/products/plume-moccasin-in-white-leather-6310450/,www.bally.com.au,Shoes
https://www.cettire.com/au/products/bally-pearce-striped-loafers-911114153,https://www.bally.com.au/en/products/pilot-driver-in-black-grained-leather-6306749/,www.bally.com.au,Shoes
https://www.cettire.com/au/products/bally-perthy-striped-detail-loafers-945857053,https://www.bally.com.au/en/products/kerbs-driver-in-black-leather-6309102/,www.bally.com.au,Shoes
https://www.cettire.com/au/products/bally-plume-lace-up-loafers-952283543,https://www.bally.com.au/en/products/plume-moccasin-in-black-leather-6311426/,www.bally.com.au,Shoes
https://www.cettire.com/au/products/bally-plume-stud-embellished-loafers-954901263,https://www.bally.com.au/en/products/plume-moccasin-in-black-leather-with-studs-6311658/,www.bally.com.au,Shoes
https://www.cettire.com/au/products/bally-quarry-lace-up-sneakers-950481886,https://www.bally.com.au/en/products/quarry-sneaker-in-white-leather-6311440/,www.bally.com.au,Shoes
https://www.cettire.com/au/products/bally-quarry-lace-up-sneakers-950481893,https://www.bally.com.au/en/products/quarry-sneaker-in-black-leather-6311439/,www.bally.com.au,Shoes
https://www.cettire.com/au/products/bally-raise-lace-up-sneakers-934299428,https://www.bally.com.au/en/products/raise-sneaker-in-white-leather-6306460/,www.bally.com.au,Shoes
https://www.cettire.com/au/products/bally-raise-low-top-sneakers-941249870,https://www.bally.com.au/en/products/raise-sneakers-in-black-leather-6304574/,www.bally.com.au,Shoes
https://www.cettire.com/au/products/bally-raise-stripe-detailed-lace-up-trainers-954466021,https://www.farfetch.com/au/shopping/men/bally-raise-leather-sneakers-item-31117727.aspx,www.farfetch.com,Shoes
https://www.cettire.com/au/products/bally-raise-stripe-detailed-lace-up-trainers-954466041,https://www.farfetch.com/au/shopping/men/bally-retro-crest-sneakers-item-30956157.aspx,www.farfetch.com,Shoes
https://www.cettire.com/au/products/bally-raise-stripe-detailed-lace-up-trainers-954466061,https://www.bally.com.au/en/products/retro-crest-sneaker-in-white-leather-6312018/,www.bally.com.au,Shoes
https://www.cettire.com/au/products/bally-retro-crest-lace-up-sneakers-954168321,https://www.bally.com.au/en/products/retro-crest-sneaker-in-white-leather-6312111/,www.bally.com.au,Shoes
https://www.cettire.com/au/products/bally-retro-crest-lace-up-sneakers-954466100,https://www.bally.com.au/en/products/retro-crest-sneaker-in-white-leather-6312111/,www.bally.com.au,Shoes
https://www.cettire.com/au/products/bally-retro-stripe-detail-lace-up-sneakers-954815812,NA,NA,Shoes
https://www.cettire.com/au/products/bally-riweira-fo-low-top-sneakers-927812503,https://www.farfetch.com/au/shopping/women/bally-riweira-lace-up-sneakers-item-20622233.aspx,www.farfetch.com,Shoes
https://www.cettire.com/au/products/bally-riweira-low-top-sneakers-927813444,https://www.bally.com.au/en/products/raise-sneaker-in-white-leather-6305205/,www.bally.com.au,Shoes
https://www.cettire.com/au/products/bally-riweira-low-top-sneakers-928288156,https://www.farfetch.com/au/shopping/women/bally-riweira-low-top-sneakers-item-20622231.aspx,www.farfetch.com,Shoes
https://www.cettire.com/au/products/bally-riweira-low-top-sneakers-929009366,https://www.bally.com.au/en/products/raise-sneaker-in-white-leather-6305205/,www.bally.com.au,Shoes
https://www.cettire.com/au/products/bally-ronnie-lace-up-sneakers-945856900,https://www.farfetch.com/au/shopping/men/bally-ronnie-sneakers-item-24293711.aspx,www.farfetch.com,Shoes
https://www.cettire.com/au/products/bally-round-toe-lace-up-sneakers-933185424,https://www.farfetch.com/au/shopping/women/bally-raise-logo-print-sneakers-item-22322718.aspx,www.farfetch.com,Shoes
https://www.cettire.com/au/products/bally-round-toe-lace-up-sneakers-933224766,https://www.bally.com.au/en/products/raise-sneaker-in-black-leather-6310308/,www.bally.com.au,Shoes
https://www.cettire.com/au/products/bally-round-toe-lace-up-sneakers-933227167,https://www.bally.com.au/en/products/raise-sneaker-in-white-leather-6306428/,www.bally.com.au,Shoes
https://www.cettire.com/au/products/bally-round-toe-lace-up-sneakers-934014402,https://www.farfetch.com/au/shopping/men/bally-logo-embossed-leather-sneakers-item-22669303.aspx,www.farfetch.com,Shoes
https://www.cettire.com/au/products/bally-round-toe-lace-up-sneakers-934262144,https://www.bally.com.au/en/products/raise-sneaker-in-white-leather-6306431/,www.bally.com.au,Shoes
https://www.cettire.com/au/products/bally-round-toe-lace-up-sneakers-934395035,https://www.bally.com.au/en/products/raise-sneaker-in-black-leather-6306538/,www.bally.com.au,Shoes
https://www.cettire.com/au/products/bally-round-toe-lace-up-sneakers-934875282,https://www.bally.com.au/en/products/raise-sneaker-in-black-leather-6306538/,www.bally.com.au,Shoes
https://www.cettire.com/au/products/bally-round-toe-lace-up-sneakers-939926407,https://www.bally.com.au/en/products/tennis-sneaker-in-white-and-gold-leather-6309523/,www.bally.com.au,Shoes
https://www.cettire.com/au/products/bally-round-toe-lace-up-sneakers-945856851,https://www.bally.com.au/en/products/tennis-sneaker-in-white-and-candy-red-leather-6308133/,www.bally.com.au,Shoes
https://www.cettire.com/au/products/bally-round-toe-lace-up-sneakers-947751733,https://www.bally.com.au/en/products/raise-sneaker-in-black-leather-6310308/,www.bally.com.au,Shoes
https://www.cettire.com/au/products/bally-round-toe-slip-on-loafers-934014411,https://www.farfetch.com/au/shopping/men/bally-nadim-leather-loafers-item-22496329.aspx,www.farfetch.com,Shoes
https://www.cettire.com/au/products/bally-rudys-low-top-sneakers-955231554,https://www.farfetch.com/au/shopping/men/bally-leather-panel-sneakers-item-31501848.aspx,www.farfetch.com,Shoes
https://www.cettire.com/au/products/bally-sadei-slip-on-loafers-927814010,https://www.farfetch.com/au/shopping/men/bally-sadei-leather-loafers-item-20872961.aspx,www.farfetch.com,Shoes
https://www.cettire.com/au/products/bally-salis-studded-sandals-949407083,https://www.bally.com.au/en/products/salis-flat-sandal-in-black-leather-6311424/,www.bally.com.au,Shoes
https://www.cettire.com/au/products/bally-side-stripe-round-toe-sneakers-930649361,https://www.bally.eu/fr/products/player-sneakers-in-black-leather-6304516/,www.bally.eu,Shoes
https://www.cettire.com/au/products/bally-side-zipped-pointed-toe-boots-931634170,NA,NA,Shoes
https://www.cettire.com/au/products/bally-slingback-block-heel-sandals-950381769,https://www.farfetch.com/au/shopping/women/bally-30mm-leather-pumps-item-29075502.aspx,www.farfetch.com,Shoes
https://www.cettire.com/au/products/bally-slip-on-loafers-929009503,https://www.bally.com.au/en/products/westminster-loafer-in-black-deer-leather-6308386/,www.bally.com.au,Shoes
https://www.cettire.com/au/products/bally-spiegel-stud-embellished-oxford-shoes-949711446,https://www.bally.eu/en/products/spiegel-oxford-in-black-leather-6311425/,www.bally.eu,Shoes
https://www.cettire.com/au/products/bally-spiegel-t-strap-sandals-949709437,https://row.bally.com/products/spiegel-sandal-in-brown-leather-6311392,row.bally.com,Shoes
https://www.cettire.com/au/products/bally-strapped-flat-shoes-949021219,https://www.bally.com.au/en/products/ballyrina-flat-in-candy-red-leather-6308502/,www.bally.com.au,Shoes
https://www.cettire.com/au/products/bally-stripe-detailed-lace-up-sneakers-911072636,NA,NA,Shoes
https://www.cettire.com/au/products/bally-stripe-detailed-slip-on-loafers-942470260,https://www.bally.com.au/en/products/kerbs-drivers-in-black-leather-6304670/,www.bally.com.au,Shoes
https://www.cettire.com/au/products/bally-striped-slip-on-loafers-945857446,https://www.bally.com.au/en/products/pilot-driver-in-blue-grained-leather-6307100/,www.bally.com.au,Shoes
https://www.cettire.com/au/products/bally-suisse-slip-on-loafers-924236689,NA,NA,Shoes
https://www.cettire.com/au/products/bally-tassel-embellished-slip-on-loafers-953834703,https://www.bally.com.au/en/products/elite-loafer-in-andorra-and-black-leather-6311995/,www.bally.com.au,Shoes
https://www.cettire.com/au/products/bally-thiago-lace-up-sneakers-942339123,https://www.bally.com.au/en/products/tennis-sneaker-in-black-leather-6309010/,www.bally.com.au,Shoes
https://www.cettire.com/au/products/bally-thiago-low-top-sneakers-945856993,https://www.farfetch.com/au/shopping/men/bally-tennis-sneakers-item-27797034.aspx,www.farfetch.com,Shoes
https://www.cettire.com/au/products/bally-tyger-round-toe-lace-up-sneakers-945856869,https://www.bally.com.au/en/products/tennis-sneaker-in-white-and-baby-pink-leather-6308150/,www.bally.com.au,Shoes
https://www.cettire.com/au/products/bally-tyger-round-toe-lace-up-sneakers-945856873,https://www.bally.com.au/en/products/tennis-sneaker-in-white-and-baby-pink-leather-6308150/,www.bally.com.au,Shoes
https://www.cettire.com/au/products/bally-valensy-logo-print-laced-boots-919236096,https://www.farfetch.com/au/shopping/men/bally-valensy-monogram-boots-item-18643826.aspx,www.farfetch.com,Shoes
https://www.cettire.com/au/products/bally-vintage-effect-low-top-sneakers-926423454,https://www.farfetch.com/bh/shopping/women/bally-faded-suede-low-top-sneakers-item-20325470.aspx,www.farfetch.com,Shoes
https://www.cettire.com/au/products/bally-willmont-type-loafers-946238216,https://www.bally.com.au/en/products/westminster-loafer-in-ebano-leather-6310305/,www.bally.com.au,Shoes
https://www.cettire.com/au/products/bally-aviator-frame-sunglasses-918926558,NA,NA,Sunglasses/Glasses
https://www.cettire.com/au/products/bally-aviator-frame-sunglasses-948737712,NA,NA,Sunglasses/Glasses
https://www.cettire.com/au/products/bally-aviator-frame-sunglasses-948737714,NA,NA,Sunglasses/Glasses
https://www.cettire.com/au/products/bally-aviator-frame-sunglasses-948737742,NA,NA,Sunglasses/Glasses
https://www.cettire.com/au/products/bally-cat-eye-frame-glasses-948737876,NA,NA,Sunglasses/Glasses
https://www.cettire.com/au/products/bally-cat-eye-frame-sunglasses-918926516,NA,NA,Sunglasses/Glasses
https://www.cettire.com/au/products/bally-cat-eye-frame-sunglasses-948737754,NA,NA,Sunglasses/Glasses
https://www.cettire.com/au/products/bally-geometric-frame-glasses-948737842,NA,NA,Sunglasses/Glasses
https://www.cettire.com/au/products/bally-geometric-frame-glasses-948737844,NA,NA,Sunglasses/Glasses
https://www.cettire.com/au/products/bally-irregular-frame-sunglasses-948737708,NA,NA,Sunglasses/Glasses
https://www.cettire.com/au/products/bally-navigator-frame-sunglasses-948737716,NA,NA,Sunglasses/Glasses
https://www.cettire.com/au/products/bally-oval-frame-glasses-934664362,NA,NA,Sunglasses/Glasses
https://www.cettire.com/au/products/bally-oval-frame-glasses-948737816,NA,NA,Sunglasses/Glasses
https://www.cettire.com/au/products/bally-oval-frame-glasses-948737818,NA,NA,Sunglasses/Glasses
https://www.cettire.com/au/products/bally-oval-frame-glasses-948737820,NA,NA,Sunglasses/Glasses
https://www.cettire.com/au/products/bally-oval-frame-glasses-948737822,NA,NA,Sunglasses/Glasses
https://www.cettire.com/au/products/bally-oval-frame-glasses-948737848,NA,NA,Sunglasses/Glasses
https://www.cettire.com/au/products/bally-oval-frame-sunglasses-948737710,NA,NA,Sunglasses/Glasses
https://www.cettire.com/au/products/bally-rectangle-frame-glasses-948737850,NA,NA,Sunglasses/Glasses
https://www.cettire.com/au/products/bally-rectangle-frame-glasses-948737852,NA,NA,Sunglasses/Glasses
https://www.cettire.com/au/products/bally-rectangle-frame-glasses-948737870,NA,NA,Sunglasses/Glasses
https://www.cettire.com/au/products/bally-rectangle-frame-sunglasses-918926514,NA,NA,Sunglasses/Glasses
https://www.cettire.com/au/products/bally-rectangle-frame-sunglasses-918926524,NA,NA,Sunglasses/Glasses
https://www.cettire.com/au/products/bally-rectangle-frame-sunglasses-918926540,NA,NA,Sunglasses/Glasses
https://www.cettire.com/au/products/bally-rectangle-frame-sunglasses-918926550,NA,NA,Sunglasses/Glasses
https://www.cettire.com/au/products/bally-rectangular-frame-glasses-934664354,NA,NA,Sunglasses/Glasses
https://www.cettire.com/au/products/bally-round-frame-sunglasses-934664226,NA,NA,Sunglasses/Glasses
https://www.cettire.com/au/products/bally-round-frame-sunglasses-948737704,NA,NA,Sunglasses/Glasses
https://www.cettire.com/au/products/bally-round-frame-sunglasses-948737718,NA,NA,Sunglasses/Glasses
https://www.cettire.com/au/products/bally-round-frame-sunglasses-948737726,NA,NA,Sunglasses/Glasses
https://www.cettire.com/au/products/bally-round-frame-sunglasses-948737728,NA,NA,Sunglasses/Glasses
https://www.cettire.com/au/products/bally-round-frame-sunglasses-948737736,NA,NA,Sunglasses/Glasses
https://www.cettire.com/au/products/bally-round-frame-sunglasses-948737740,NA,NA,Sunglasses/Glasses
https://www.cettire.com/au/products/bally-square-frame-sunglasses-923275357,NA,NA,Sunglasses/Glasses
https://www.cettire.com/au/products/bally-square-frame-sunglasses-948737758,NA,NA,Sunglasses/Glasses
https://www.cettire.com/au/products/bally-square-frame-sunglasses-948737762,NA,NA,Sunglasses/Glasses
https://www.cettire.com/au/products/bally-studded-cat-eye-frame-sunglasses-918926536,NA,NA,Sunglasses/Glasses
https://www.cettire.com/au/products/bally-studded-cat-eye-frame-sunglasses-918926538,NA,NA,Sunglasses/Glasses
https://www.cettire.com/au/products/bally-tortoise-shell-cat-eye-frame-glasses-919115566,NA,NA,Sunglasses/Glasses
https://www.cettire.com/au/products/bally-tortoise-shell-cat-eye-frame-sunglasses-918926542,NA,NA,Sunglasses/Glasses
https://www.cettire.com/au/products/bally-tortoise-shell-cat-eye-frame-sunglasses-918926544,NA,NA,Sunglasses/Glasses
https://www.cettire.com/au/products/bally-tortoise-shell-rectangle-frame-sunglasses-918926556,NA,NA,Sunglasses/Glasses
https://www.cettire.com/au/products/bally-tortoise-shell-round-frame-glasses-919115568,NA,NA,Sunglasses/Glasses
https://www.cettire.com/au/products/bally-tortoise-shell-round-frame-glasses-919115596,NA,NA,Sunglasses/Glasses
https://www.cettire.com/au/products/bally-bhar-logo-printed-card-holder-914019143,https://www.farfetch.com/au/shopping/men/bally-logo-print-cardholder-item-26893008.aspx,www.farfetch.com,Wallets & Card Holders
https://www.cettire.com/au/products/bally-bi-fold-card-holder-942339065,https://www.bally.com.au/en/products/busy-bally-bifold-wallet-in-black-leather-6306727/,www.bally.com.au,Wallets & Card Holders
https://www.cettire.com/au/products/bally-bonett-logo-detailed-wallet-914433768,https://www.bally.com.au/en/products/wallet-in-navy-blue-leather-with-a-bally-ribbon-6310115/,www.bally.com.au,Wallets & Card Holders
https://www.cettire.com/au/products/bally-compact-bifold-wallet-947469053,https://www.bally.com.au/en/products/mythos-bifold-wallet-in-grey-recycled-leather-6311722/,www.bally.com.au,Wallets & Card Holders
https://www.cettire.com/au/products/bally-lock-me-bi-fold-wallet-947469293,https://www.bally.com.au/en/products/lock-me-wallet-in-taupe-grained-leather-6309180/,www.bally.com.au,Wallets & Card Holders
https://www.cettire.com/au/products/bally-logo-lettering-bi-fold-wallet-957056046,https://www.bally.com.au/en/products/bally-essential-wallet-in-black-grained-leather-6311939/,www.bally.com.au,Wallets & Card Holders
https://www.cettire.com/au/products/bally-logo-lettering-zipped-card-holder-957056259,NA,NA,Wallets & Card Holders
https://www.cettire.com/au/products/bally-logo-plaque-card-holder-927832395,https://www.bally.com.au/en/products/ribbon-card-holder-in-black-leather-6304887/,www.bally.com.au,Wallets & Card Holders
https://www.cettire.com/au/products/bally-logo-plaque-striped-bi-fold-wallet-939836475,https://www.bally.com.au/en/products/mythos-continental-wallet-in-black-recycled-leather-6308477/,www.bally.com.au,Wallets & Card Holders
https://www.cettire.com/au/products/bally-logo-plaque-wallet-916930703,https://www.farfetch.com/au/shopping/women/bally-beylor-clutch-bag-item-26894892.aspx,www.farfetch.com,Wallets & Card Holders
https://www.cettire.com/au/products/bally-logo-plaque-wallet-916930705,https://www.farfetch.com/au/shopping/women/bally-beylor-clutch-bag-item-26894890.aspx,www.farfetch.com,Wallets & Card Holders
https://www.cettire.com/au/products/bally-logo-printed-bi-fold-wallet-926113354,NA,NA,Wallets & Card Holders
https://www.cettire.com/au/products/bally-logo-printed-card-case-934316723,https://www.farfetch.com/ie/shopping/men/bally-logo-print-cardholder-item-26893047.aspx,www.farfetch.com,Wallets & Card Holders
https://www.cettire.com/au/products/bally-logo-printed-card-holder-934014344,https://www.bally.com.au/en/products/ribbon-card-holder-in-black-leather-6304887/,www.bally.com.au,Wallets & Card Holders
https://www.cettire.com/au/products/bally-logo-printed-strapped-wallet-918559703,https://www.farfetch.com/au/shopping/men/bally-neck-strap-wallet-item-26892431.aspx,www.farfetch.com,Wallets & Card Holders
https://www.cettire.com/au/products/bally-logo-printed-stripe-detailed-cardholder-942339103,https://www.bally.com.au/en/products/ribbon-card-holder-in-black-leather-6304887/,www.bally.com.au,Wallets & Card Holders
https://www.cettire.com/au/products/bally-logo-printed-striped-cardholder-939774627,https://www.bally.com.au/en/products/mythos-card-holder-in-black-recycled-leather-6308854/,www.bally.com.au,Wallets & Card Holders
https://www.cettire.com/au/products/bally-logo-printed-zipped-wallet-931850548,https://www.farfetch.com/au/shopping/men/bally-logo-print-clutch-item-26892425.aspx,www.farfetch.com,Wallets & Card Holders
https://www.cettire.com/au/products/bally-logo-printed-zipped-wallet-953743955,https://www.bally.com.au/en/products/ribbon-wallet-in-black-leather-6305145/,www.bally.com.au,Wallets & Card Holders
https://www.cettire.com/au/products/bally-logo-stamp-zip-around-wallet-939774625,https://www.bally.com.au/en/products/mythos-zip-around-wallet-in-black-recycled-leather-6308575/,www.bally.com.au,Wallets & Card Holders
https://www.cettire.com/au/products/bally-thar-logo-detailed-card-holder-910948058,https://www.bally.com.au/en/products/ribbon-card-holder-in-black-leather-6304887/,www.bally.com.au,Wallets & Card Holders
https://www.cettire.com/au/products/bally-zip-around-wallet-947469551,https://www.bally.com.au/en/products/lock-me-long-wallet-in-taupe-grained-leather-6308526/,www.bally.com.au,Wallets & Card Holders
https://www.cettire.com/au/products/bally-zipped-wallet-947469333,https://www.farfetch.com/au/shopping/women/bally-stripe-zip-around-cardholder-item-31998659.aspx,www.farfetch.com,Wallets & Card Holders
https://www.cettire.com/au/products/bally-zipped-wallet-949021496,https://www.farfetch.com/bh/shopping/women/bally-stripe-detail-leather-card-holder-item-30132380.aspx,www.farfetch.com,Wallets & Card Holders